<?xml version="1.0" encoding="UTF-8"?>
<!DOCTYPE mapper PUBLIC "-//mybatis.org//DTD Mapper 3.0//EN" "http://mybatis.org/dtd/mybatis-3-mapper.dtd">
<mapper namespace="com.amane.seckill.mapper.SeckillOrderMapper">

    <!-- 通用查询映射结果 -->
    <resultMap id="BaseResultMap" type="com.amane.seckill.pojo.SeckillOrder">
        <id column="id" property="id" />
        <result column="user_id" property="userId" />
        <result column="order_id" property="orderId" />
        <result column="goods_id" property="goodsId" />
    </resultMap>

    <!-- 通用查询结果列 -->
    <sql id="Base_Column_List">
        id, user_id, order_id, goods_id
    </sql>

</mapper>
